Compound ID	Structure
TARGET_0000000001	N=C(O)NC1N=C(O)N=C1O
CMPD_0000000002	O=C1N=C(O)C2(O)NC(O)=NC2=N1
CMPD_0000000003	N=C(O)C1=CN(C2OC(COP(=O)(O)OP(=O)(O)OCC3OC(n4cnc5c(N)ncnc54)C(O)C3O)C(O)C2O)C=CC1
CMPD_0000000004	O=C(O)CC(O)C(=O)O
CMPD_0000000005	O=c1nc(O)ccn1C1OC(COP(=O)(O)OP(=O)(O)O)C(O)C1O
CMPD_0000000006	O=C(O)C(O)COP(=O)(O)O
CMPD_0000000007	O=C(O)C(=O)COP(=O)(O)O
CMPD_0000000008	NC(COP(=O)(O)O)C(=O)O
CMPD_0000000009	NC(CO)C(=O)O
CMPD_0000000010	NCCOP(=O)(O)OCC(N)C(=O)O
CMPD_0000000011	O
CMPD_0000000012	O=O
CMPD_0000000013	Oc1nc(O)c2nc(O)[nH]c2n1
CMPD_0000000014	N=C(O)c1ccc[n+](C2OC(COP(=O)(O)OP(=O)(O)OCC3OC(n4cnc5c(N)ncnc54)C(O)C3O)C(O)C2O)c1
CMPD_0000000015	CC(O)=NC1C(OC(CC(=O)O)C(=O)O)OC(CO)C(O)C1O
CMPD_0000000016	O=c1nc(O)ccn1C1OC(COP(=O)(O)OP(=O)(O)OP(=O)(O)O)C(O)C1O
CMPD_0000000017	N=C(O)C1=CN(C2OC(COP(=O)(O)OP(=O)(O)OCC3OC(n4cnc5c([NH3+])ncnc54)C(O)C3O)C(O)C2O)C=CC1
CMPD_0000000018	O=C(O)CCC(=O)C(=O)O
CMPD_0000000019	NC(CCOP(=O)(O)O)C(=O)O
CMPD_0000000020	CC(OP(=O)(O)O)C(N)C(=O)O
CMPD_0000000021	O=P(O)(O)OP(=O)(O)O
