<?xml version="1.0" encoding="UTF-8"?>
<sbml xmlns="http://www.sbml.org/sbml/level3/version1/core" xmlns:groups="http://www.sbml.org/sbml/level3/version1/groups/version1" xmlns:fbc="http://www.sbml.org/sbml/level3/version1/fbc/version2" level="3" version="1" groups:required="false" fbc:required="false">
  <model metaid="_289cce6c253e36f3f0abe172cec9b4c321e9f76ffe05313372f71e5bdecc6078" id="rp_083_0001" name="rp_083_0001" substanceUnits="mole" timeUnits="second" extentUnits="mole" fbc:strict="true">
    <listOfCompartments>
      <compartment metaid="_2e7d2c03a9507ae265ecf5b5356885a53393a2029d241394997265a1a25aefc6" sboTerm="SBO:0000290" id="c" name="cytosol" size="1" constant="true">
        <annotation>
          <rdf:RDF xmlns:rdf="http://www.w3.org/1999/02/22-rdf-syntax-ns#" xmlns:bqbiol="http://biomodels.net/biology-qualifiers/">
            <rdf:Description rdf:about="#_2e7d2c03a9507ae265ecf5b5356885a53393a2029d241394997265a1a25aefc6">
              <bqbiol:is>
                <rdf:Bag>
                  <rdf:li rdf:resource="http://identifiers.org/bigg.compartment/c"/>
                  <rdf:li rdf:resource="http://identifiers.org/bigg.compartment/c_c"/>
                  <rdf:li rdf:resource="http://identifiers.org/metanetx.compartment/MNXC3"/>
                  <rdf:li rdf:resource="http://identifiers.org/seed/c"/>
                  <rdf:li rdf:resource="http://identifiers.org/seed/c0"/>
                  <rdf:li rdf:resource="http://identifiers.org/seed/cytosol"/>
                </rdf:Bag>
              </bqbiol:is>
            </rdf:Description>
          </rdf:RDF>
        </annotation>
      </compartment>
    </listOfCompartments>
    <listOfSpecies>
      <species metaid="c0af97951181681e2538ea315f054e15f38f7172fc1487ec924ac2c9f687faa0" id="CMPD_0000000005" name="CMPD_0000000005" compartment="c" initialConcentration="1" hasOnlySubstanceUnits="false" boundaryCondition="false" constant="false">
        <annotation>
          <rdf:RDF xmlns:rdf="http://www.w3.org/1999/02/22-rdf-syntax-ns#" xmlns:bqbiol="http://biomodels.net/biology-qualifiers/">
            <rdf:Description rdf:about="#c0af97951181681e2538ea315f054e15f38f7172fc1487ec924ac2c9f687faa0">
              <bqbiol:is>
                <rdf:Bag/>
              </bqbiol:is>
            </rdf:Description>
            <rdf:BRSynth rdf:about="#c0af97951181681e2538ea315f054e15f38f7172fc1487ec924ac2c9f687faa0">
              <brsynth:brsynth xmlns:brsynth="http://brsynth.eu">
                <brsynth:smiles value="O=c1nc(O)ccn1C1OC(COP(=O)(O)OP(=O)(O)O)C(O)C1O"/>
                <brsynth:inchi value="InChI=1S/C9H14N2O12P2/c12-5-1-2-11(9(15)10-5)8-7(14)6(13)4(22-8)3-21-25(19,20)23-24(16,17)18/h1-2,4,6-8,13-14H,3H2,(H,19,20)(H,10,12,15)(H2,16,17,18)"/>
                <brsynth:inchikey value="XCCTYIAWTASOJW-UHFFFAOYSA-N"/>
              </brsynth:brsynth>
            </rdf:BRSynth>
          </rdf:RDF>
        </annotation>
      </species>
      <species metaid="_5048d67a4507da50d2b6f7a950c531ac5a424ec6d7f1e84da7d56cbbfa7f782e" id="CMPD_0000000004" name="CMPD_0000000004" compartment="c" initialConcentration="1" hasOnlySubstanceUnits="false" boundaryCondition="false" constant="false">
        <annotation>
          <rdf:RDF xmlns:rdf="http://www.w3.org/1999/02/22-rdf-syntax-ns#" xmlns:bqbiol="http://biomodels.net/biology-qualifiers/">
            <rdf:Description rdf:about="#_5048d67a4507da50d2b6f7a950c531ac5a424ec6d7f1e84da7d56cbbfa7f782e">
              <bqbiol:is>
                <rdf:Bag/>
              </bqbiol:is>
            </rdf:Description>
            <rdf:BRSynth rdf:about="#_5048d67a4507da50d2b6f7a950c531ac5a424ec6d7f1e84da7d56cbbfa7f782e">
              <brsynth:brsynth xmlns:brsynth="http://brsynth.eu">
                <brsynth:smiles value="O=C(O)CC(O)C(=O)O"/>
                <brsynth:inchi value="InChI=1S/C4H6O5/c5-2(4(8)9)1-3(6)7/h2,5H,1H2,(H,6,7)(H,8,9)"/>
                <brsynth:inchikey value="BJEPYKJPYRNKOW-UHFFFAOYSA-N"/>
              </brsynth:brsynth>
            </rdf:BRSynth>
          </rdf:RDF>
        </annotation>
      </species>
      <species metaid="de4775a3322bd7d10388a33eb86f299b9b476bf240b6b94e6b44af2120513e3d" id="CMPD_0000000015" name="CMPD_0000000015" compartment="c" initialConcentration="1" hasOnlySubstanceUnits="false" boundaryCondition="false" constant="false">
        <annotation>
          <rdf:RDF xmlns:rdf="http://www.w3.org/1999/02/22-rdf-syntax-ns#" xmlns:bqbiol="http://biomodels.net/biology-qualifiers/">
            <rdf:Description rdf:about="#de4775a3322bd7d10388a33eb86f299b9b476bf240b6b94e6b44af2120513e3d">
              <bqbiol:is>
                <rdf:Bag/>
              </bqbiol:is>
            </rdf:Description>
            <rdf:BRSynth rdf:about="#de4775a3322bd7d10388a33eb86f299b9b476bf240b6b94e6b44af2120513e3d">
              <brsynth:brsynth xmlns:brsynth="http://brsynth.eu">
                <brsynth:smiles value="CC(O)=NC1C(OC(CC(=O)O)C(=O)O)OC(CO)C(O)C1O"/>
                <brsynth:inchi value="InChI=1S/C12H19NO10/c1-4(15)13-8-10(19)9(18)6(3-14)23-12(8)22-5(11(20)21)2-7(16)17/h5-6,8-10,12,14,18-19H,2-3H2,1H3,(H,13,15)(H,16,17)(H,20,21)"/>
                <brsynth:inchikey value="COBMRTSHZAUOCY-UHFFFAOYSA-N"/>
              </brsynth:brsynth>
            </rdf:BRSynth>
          </rdf:RDF>
        </annotation>
      </species>
      <species metaid="_7eabbfed5f4f0a7a6fcb6d4590d6ea021f0bee237a58f70a612c8d09a8605b26" id="CMPD_0000000007" name="CMPD_0000000007" compartment="c" initialConcentration="1" hasOnlySubstanceUnits="false" boundaryCondition="false" constant="false">
        <annotation>
          <rdf:RDF xmlns:rdf="http://www.w3.org/1999/02/22-rdf-syntax-ns#" xmlns:bqbiol="http://biomodels.net/biology-qualifiers/">
            <rdf:Description rdf:about="#_7eabbfed5f4f0a7a6fcb6d4590d6ea021f0bee237a58f70a612c8d09a8605b26">
              <bqbiol:is>
                <rdf:Bag/>
              </bqbiol:is>
            </rdf:Description>
            <rdf:BRSynth rdf:about="#_7eabbfed5f4f0a7a6fcb6d4590d6ea021f0bee237a58f70a612c8d09a8605b26">
              <brsynth:brsynth xmlns:brsynth="http://brsynth.eu">
                <brsynth:smiles value="O=C(O)C(=O)COP(=O)(O)O"/>
                <brsynth:inchi value="InChI=1S/C3H5O7P/c4-2(3(5)6)1-10-11(7,8)9/h1H2,(H,5,6)(H2,7,8,9)"/>
                <brsynth:inchikey value="LFLUCDOSQPJJBE-UHFFFAOYSA-N"/>
              </brsynth:brsynth>
            </rdf:BRSynth>
          </rdf:RDF>
        </annotation>
      </species>
      <species metaid="_4492cca0fd61d1354e33735cd427b59a3cbe966524b658e8f23fdc87e85fbfda" id="CMPD_0000000017" name="CMPD_0000000017" compartment="c" initialConcentration="1" hasOnlySubstanceUnits="false" boundaryCondition="false" constant="false">
        <annotation>
          <rdf:RDF xmlns:rdf="http://www.w3.org/1999/02/22-rdf-syntax-ns#" xmlns:bqbiol="http://biomodels.net/biology-qualifiers/">
            <rdf:Description rdf:about="#_4492cca0fd61d1354e33735cd427b59a3cbe966524b658e8f23fdc87e85fbfda">
              <bqbiol:is>
                <rdf:Bag/>
              </bqbiol:is>
            </rdf:Description>
            <rdf:BRSynth rdf:about="#_4492cca0fd61d1354e33735cd427b59a3cbe966524b658e8f23fdc87e85fbfda">
              <brsynth:brsynth xmlns:brsynth="http://brsynth.eu">
                <brsynth:smiles value="N=C(O)C1=CN(C2OC(COP(=O)(O)OP(=O)(O)OCC3OC(n4cnc5c([NH3+])ncnc54)C(O)C3O)C(O)C2O)C=CC1"/>
                <brsynth:inchi value="InChI=1S/C21H29N7O14P2/c22-17-12-19(25-7-24-17)28(8-26-12)21-16(32)14(30)11(41-21)6-39-44(36,37)42-43(34,35)38-5-10-13(29)15(31)20(40-10)27-3-1-2-9(4-27)18(23)33/h1,3-4,7-8,10-11,13-16,20-21,29-32H,2,5-6H2,(H2,23,33)(H,34,35)(H,36,37)(H2,22,24,25)/p+1"/>
                <brsynth:inchikey value="BOPGDPNILDQYTO-UHFFFAOYSA-O"/>
              </brsynth:brsynth>
            </rdf:BRSynth>
          </rdf:RDF>
        </annotation>
      </species>
      <species metaid="_164418e7fc046abc0946e09ca603e46f95d51050f7e0283115e5fac317fe05f6" id="MNXM8" name="NAD(+)" compartment="c" initialConcentration="1" hasOnlySubstanceUnits="false" boundaryCondition="false" constant="false">
        <annotation>
          <rdf:RDF xmlns:rdf="http://www.w3.org/1999/02/22-rdf-syntax-ns#" xmlns:bqbiol="http://biomodels.net/biology-qualifiers/">
            <rdf:Description rdf:about="#_164418e7fc046abc0946e09ca603e46f95d51050f7e0283115e5fac317fe05f6">
              <bqbiol:is>
                <rdf:Bag/>
              </bqbiol:is>
            </rdf:Description>
            <rdf:BRSynth rdf:about="#_164418e7fc046abc0946e09ca603e46f95d51050f7e0283115e5fac317fe05f6">
              <brsynth:brsynth xmlns:brsynth="http://brsynth.eu">
                <brsynth:smiles value="N=C(O)c1ccc[n+](C2OC(COP(=O)(O)OP(=O)(O)OCC3OC(n4cnc5c(N)ncnc54)C(O)C3O)C(O)C2O)c1"/>
                <brsynth:inchi value="InChI=1S/C21H27N7O14P2/c22-17-12-19(25-7-24-17)28(8-26-12)21-16(32)14(30)11(41-21)6-39-44(36,37)42-43(34,35)38-5-10-13(29)15(31)20(40-10)27-3-1-2-9(4-27)18(23)33/h1-4,7-8,10-11,13-16,20-21,29-32H,5-6H2,(H5-,22,23,24,25,33,34,35,36,37)/p+1"/>
                <brsynth:inchikey value="BAWFJGJZGIEFAR-UHFFFAOYSA-O"/>
              </brsynth:brsynth>
            </rdf:BRSynth>
          </rdf:RDF>
        </annotation>
      </species>
      <species metaid="b51e9f31165b43e6f1fc49d6260c843fc3058ea9932e57be4248afa6db620b3e" id="CMPD_0000000016" name="CMPD_0000000016" compartment="c" initialConcentration="1" hasOnlySubstanceUnits="false" boundaryCondition="false" constant="false">
        <annotation>
          <rdf:RDF xmlns:rdf="http://www.w3.org/1999/02/22-rdf-syntax-ns#" xmlns:bqbiol="http://biomodels.net/biology-qualifiers/">
            <rdf:Description rdf:about="#b51e9f31165b43e6f1fc49d6260c843fc3058ea9932e57be4248afa6db620b3e">
              <bqbiol:is>
                <rdf:Bag/>
              </bqbiol:is>
            </rdf:Description>
            <rdf:BRSynth rdf:about="#b51e9f31165b43e6f1fc49d6260c843fc3058ea9932e57be4248afa6db620b3e">
              <brsynth:brsynth xmlns:brsynth="http://brsynth.eu">
                <brsynth:smiles value="O=c1nc(O)ccn1C1OC(COP(=O)(O)OP(=O)(O)OP(=O)(O)O)C(O)C1O"/>
                <brsynth:inchi value="InChI=1S/C9H15N2O15P3/c12-5-1-2-11(9(15)10-5)8-7(14)6(13)4(24-8)3-23-28(19,20)26-29(21,22)25-27(16,17)18/h1-2,4,6-8,13-14H,3H2,(H,19,20)(H,21,22)(H,10,12,15)(H2,16,17,18)"/>
                <brsynth:inchikey value="PGAVKCOVUIYSFO-UHFFFAOYSA-N"/>
              </brsynth:brsynth>
            </rdf:BRSynth>
          </rdf:RDF>
        </annotation>
      </species>
      <species metaid="_4ef1dc4625a23d9c1979908b38e967c41c6f56a910a22da5950e530f1895adbf" id="CMPD_0000000011" name="CMPD_0000000011" compartment="c" initialConcentration="1" hasOnlySubstanceUnits="false" boundaryCondition="false" constant="false">
        <annotation>
          <rdf:RDF xmlns:rdf="http://www.w3.org/1999/02/22-rdf-syntax-ns#" xmlns:bqbiol="http://biomodels.net/biology-qualifiers/">
            <rdf:Description rdf:about="#_4ef1dc4625a23d9c1979908b38e967c41c6f56a910a22da5950e530f1895adbf">
              <bqbiol:is>
                <rdf:Bag/>
              </bqbiol:is>
            </rdf:Description>
            <rdf:BRSynth rdf:about="#_4ef1dc4625a23d9c1979908b38e967c41c6f56a910a22da5950e530f1895adbf">
              <brsynth:brsynth xmlns:brsynth="http://brsynth.eu">
                <brsynth:smiles value="O"/>
                <brsynth:inchi value="InChI=1S/H2O/h1H2"/>
                <brsynth:inchikey value="XLYOFNOQVPJJNP-UHFFFAOYSA-N"/>
              </brsynth:brsynth>
            </rdf:BRSynth>
          </rdf:RDF>
        </annotation>
      </species>
      <species metaid="ada4d198af79d26a0eb691008fc79b883e3ee4d3ef8ce39c18214444cc981f25" id="MNXM1" name="H(+)" compartment="c" initialConcentration="1" hasOnlySubstanceUnits="false" boundaryCondition="false" constant="false">
        <annotation>
          <rdf:RDF xmlns:rdf="http://www.w3.org/1999/02/22-rdf-syntax-ns#" xmlns:bqbiol="http://biomodels.net/biology-qualifiers/">
            <rdf:Description rdf:about="#ada4d198af79d26a0eb691008fc79b883e3ee4d3ef8ce39c18214444cc981f25">
              <bqbiol:is>
                <rdf:Bag/>
              </bqbiol:is>
            </rdf:Description>
            <rdf:BRSynth rdf:about="#ada4d198af79d26a0eb691008fc79b883e3ee4d3ef8ce39c18214444cc981f25">
              <brsynth:brsynth xmlns:brsynth="http://brsynth.eu">
                <brsynth:smiles value="[H+]"/>
                <brsynth:inchi value="InChI=1S/p+1"/>
                <brsynth:inchikey value="GPRLSGONYQIRFK-UHFFFAOYSA-N"/>
              </brsynth:brsynth>
            </rdf:BRSynth>
          </rdf:RDF>
        </annotation>
      </species>
      <species metaid="_6817bb5f7133f50744b232330f1f3009343f785b8f77602ce5f44cdd9458f002" id="TARGET_0000000001" name="TARGET_0000000001" compartment="c" initialConcentration="1" hasOnlySubstanceUnits="false" boundaryCondition="false" constant="false">
        <annotation>
          <rdf:RDF xmlns:rdf="http://www.w3.org/1999/02/22-rdf-syntax-ns#" xmlns:bqbiol="http://biomodels.net/biology-qualifiers/">
            <rdf:Description rdf:about="#_6817bb5f7133f50744b232330f1f3009343f785b8f77602ce5f44cdd9458f002">
              <bqbiol:is>
                <rdf:Bag/>
              </bqbiol:is>
            </rdf:Description>
            <rdf:BRSynth rdf:about="#_6817bb5f7133f50744b232330f1f3009343f785b8f77602ce5f44cdd9458f002">
              <brsynth:brsynth xmlns:brsynth="http://brsynth.eu">
                <brsynth:smiles value="N=C(O)NC1N=C(O)N=C1O"/>
                <brsynth:inchi value="InChI=1S/C4H6N4O3/c5-3(10)6-1-2(9)8-4(11)7-1/h1H,(H3,5,6,10)(H2,7,8,9,11)"/>
                <brsynth:inchikey value="POJWUDADGALRAB-UHFFFAOYSA-N"/>
              </brsynth:brsynth>
            </rdf:BRSynth>
          </rdf:RDF>
        </annotation>
      </species>
      <species metaid="a3ca2a0b25e616cbdb984b612cb5c8ee47a3923854dff6f2aedb0739ace8d843" id="MNXM261" name="3-phospho-D-glyceroyl phosphate" compartment="c" initialConcentration="1" hasOnlySubstanceUnits="false" boundaryCondition="false" constant="false">
        <annotation>
          <rdf:RDF xmlns:rdf="http://www.w3.org/1999/02/22-rdf-syntax-ns#" xmlns:bqbiol="http://biomodels.net/biology-qualifiers/">
            <rdf:Description rdf:about="#a3ca2a0b25e616cbdb984b612cb5c8ee47a3923854dff6f2aedb0739ace8d843">
              <bqbiol:is>
                <rdf:Bag/>
              </bqbiol:is>
            </rdf:Description>
            <rdf:BRSynth rdf:about="#a3ca2a0b25e616cbdb984b612cb5c8ee47a3923854dff6f2aedb0739ace8d843">
              <brsynth:brsynth xmlns:brsynth="http://brsynth.eu">
                <brsynth:smiles value="O=C(OP(=O)(O)O)C(O)COP(=O)(O)O"/>
                <brsynth:inchi value="InChI=1S/C3H8O10P2/c4-2(1-12-14(6,7)8)3(5)13-15(9,10)11/h2,4H,1H2,(H2,6,7,8)(H2,9,10,11)"/>
                <brsynth:inchikey value="LJQLQCAXBUHEAZ-UHFFFAOYSA-N"/>
              </brsynth:brsynth>
            </rdf:BRSynth>
          </rdf:RDF>
        </annotation>
      </species>
      <species metaid="_524e818e45956511ad3b6e1df1fe5e67277574a46add854a6f891c0ecc1864ba" id="CMPD_0000000018" name="CMPD_0000000018" compartment="c" initialConcentration="1" hasOnlySubstanceUnits="false" boundaryCondition="false" constant="false">
        <annotation>
          <rdf:RDF xmlns:rdf="http://www.w3.org/1999/02/22-rdf-syntax-ns#" xmlns:bqbiol="http://biomodels.net/biology-qualifiers/">
            <rdf:Description rdf:about="#_524e818e45956511ad3b6e1df1fe5e67277574a46add854a6f891c0ecc1864ba">
              <bqbiol:is>
                <rdf:Bag/>
              </bqbiol:is>
            </rdf:Description>
            <rdf:BRSynth rdf:about="#_524e818e45956511ad3b6e1df1fe5e67277574a46add854a6f891c0ecc1864ba">
              <brsynth:brsynth xmlns:brsynth="http://brsynth.eu">
                <brsynth:smiles value="O=C(O)CCC(=O)C(=O)O"/>
                <brsynth:inchi value="InChI=1S/C5H6O5/c6-3(5(9)10)1-2-4(7)8/h1-2H2,(H,7,8)(H,9,10)"/>
                <brsynth:inchikey value="KPGXRSRHYNQIFN-UHFFFAOYSA-N"/>
              </brsynth:brsynth>
            </rdf:BRSynth>
          </rdf:RDF>
        </annotation>
      </species>
      <species metaid="e5d8be154b0522ab8eba0b93f5ce34b2f104575905272d90298999cc9bf0b7b8" id="MNXM47" name="UDP-N-acetyl-alpha-D-glucosamine" compartment="c" initialConcentration="1" hasOnlySubstanceUnits="false" boundaryCondition="false" constant="false">
        <annotation>
          <rdf:RDF xmlns:rdf="http://www.w3.org/1999/02/22-rdf-syntax-ns#" xmlns:bqbiol="http://biomodels.net/biology-qualifiers/">
            <rdf:Description rdf:about="#e5d8be154b0522ab8eba0b93f5ce34b2f104575905272d90298999cc9bf0b7b8">
              <bqbiol:is>
                <rdf:Bag/>
              </bqbiol:is>
            </rdf:Description>
            <rdf:BRSynth rdf:about="#e5d8be154b0522ab8eba0b93f5ce34b2f104575905272d90298999cc9bf0b7b8">
              <brsynth:brsynth xmlns:brsynth="http://brsynth.eu">
                <brsynth:smiles value="CC(O)=NC1C(OP(=O)(O)OP(=O)(O)OCC2OC(n3ccc(O)nc3=O)C(O)C2O)OC(CO)C(O)C1O"/>
                <brsynth:inchi value="InChI=1S/C17H27N3O17P2/c1-6(22)18-10-13(26)11(24)7(4-21)35-16(10)36-39(31,32)37-38(29,30)33-5-8-12(25)14(27)15(34-8)20-3-2-9(23)19-17(20)28/h2-3,7-8,10-16,21,24-27H,4-5H2,1H3,(H,18,22)(H,29,30)(H,31,32)(H,19,23,28)"/>
                <brsynth:inchikey value="LFTYTUAZOPRMMI-UHFFFAOYSA-N"/>
              </brsynth:brsynth>
            </rdf:BRSynth>
          </rdf:RDF>
        </annotation>
      </species>
      <species metaid="_2a301e4e848a79652a3993832c9d968953ade64ccc71ea0ef1c47184f60ec251" id="MNXM13" name="CO2" compartment="c" initialConcentration="1" hasOnlySubstanceUnits="false" boundaryCondition="false" constant="false">
        <annotation>
          <rdf:RDF xmlns:rdf="http://www.w3.org/1999/02/22-rdf-syntax-ns#" xmlns:bqbiol="http://biomodels.net/biology-qualifiers/">
            <rdf:Description rdf:about="#_2a301e4e848a79652a3993832c9d968953ade64ccc71ea0ef1c47184f60ec251">
              <bqbiol:is>
                <rdf:Bag/>
              </bqbiol:is>
            </rdf:Description>
            <rdf:BRSynth rdf:about="#_2a301e4e848a79652a3993832c9d968953ade64ccc71ea0ef1c47184f60ec251">
              <brsynth:brsynth xmlns:brsynth="http://brsynth.eu">
                <brsynth:smiles value="O=C=O"/>
                <brsynth:inchi value="InChI=1S/CO2/c2-1-3"/>
                <brsynth:inchikey value="CURLTUGMZLYLDI-UHFFFAOYSA-N"/>
              </brsynth:brsynth>
            </rdf:BRSynth>
          </rdf:RDF>
        </annotation>
      </species>
      <species metaid="_3684947fe826f4d89cb220cc73cf210f4e527ae2212f04c6e64553eaf7d50452" id="CMPD_0000000008" name="CMPD_0000000008" compartment="c" initialConcentration="1" hasOnlySubstanceUnits="false" boundaryCondition="false" constant="false">
        <annotation>
          <rdf:RDF xmlns:rdf="http://www.w3.org/1999/02/22-rdf-syntax-ns#" xmlns:bqbiol="http://biomodels.net/biology-qualifiers/">
            <rdf:Description rdf:about="#_3684947fe826f4d89cb220cc73cf210f4e527ae2212f04c6e64553eaf7d50452">
              <bqbiol:is>
                <rdf:Bag/>
              </bqbiol:is>
            </rdf:Description>
            <rdf:BRSynth rdf:about="#_3684947fe826f4d89cb220cc73cf210f4e527ae2212f04c6e64553eaf7d50452">
              <brsynth:brsynth xmlns:brsynth="http://brsynth.eu">
                <brsynth:smiles value="NC(COP(=O)(O)O)C(=O)O"/>
                <brsynth:inchi value="InChI=1S/C3H8NO6P/c4-2(3(5)6)1-10-11(7,8)9/h2H,1,4H2,(H,5,6)(H2,7,8,9)"/>
                <brsynth:inchikey value="BZQFBWGGLXLEPQ-UHFFFAOYSA-N"/>
              </brsynth:brsynth>
            </rdf:BRSynth>
          </rdf:RDF>
        </annotation>
      </species>
      <species metaid="_33949188b8ba648d540b0523b0915d6fa87870567e90268831712d0f53d2a498" id="CMPD_0000000014" name="CMPD_0000000014" compartment="c" initialConcentration="1" hasOnlySubstanceUnits="false" boundaryCondition="false" constant="false">
        <annotation>
          <rdf:RDF xmlns:rdf="http://www.w3.org/1999/02/22-rdf-syntax-ns#" xmlns:bqbiol="http://biomodels.net/biology-qualifiers/">
            <rdf:Description rdf:about="#_33949188b8ba648d540b0523b0915d6fa87870567e90268831712d0f53d2a498">
              <bqbiol:is>
                <rdf:Bag/>
              </bqbiol:is>
            </rdf:Description>
            <rdf:BRSynth rdf:about="#_33949188b8ba648d540b0523b0915d6fa87870567e90268831712d0f53d2a498">
              <brsynth:brsynth xmlns:brsynth="http://brsynth.eu">
                <brsynth:smiles value="N=C(O)c1ccc[n+](C2OC(COP(=O)(O)OP(=O)(O)OCC3OC(n4cnc5c(N)ncnc54)C(O)C3O)C(O)C2O)c1"/>
                <brsynth:inchi value="InChI=1S/C21H27N7O14P2/c22-17-12-19(25-7-24-17)28(8-26-12)21-16(32)14(30)11(41-21)6-39-44(36,37)42-43(34,35)38-5-10-13(29)15(31)20(40-10)27-3-1-2-9(4-27)18(23)33/h1-4,7-8,10-11,13-16,20-21,29-32H,5-6H2,(H5-,22,23,24,25,33,34,35,36,37)/p+1"/>
                <brsynth:inchikey value="BAWFJGJZGIEFAR-UHFFFAOYSA-O"/>
              </brsynth:brsynth>
            </rdf:BRSynth>
          </rdf:RDF>
        </annotation>
      </species>
      <species metaid="c22961cf66943533ce6b7706e1a2602aaf1aab290475de14a7ecc35a42d5cb2c" id="CMPD_0000000012" name="CMPD_0000000012" compartment="c" initialConcentration="1" hasOnlySubstanceUnits="false" boundaryCondition="false" constant="false">
        <annotation>
          <rdf:RDF xmlns:rdf="http://www.w3.org/1999/02/22-rdf-syntax-ns#" xmlns:bqbiol="http://biomodels.net/biology-qualifiers/">
            <rdf:Description rdf:about="#c22961cf66943533ce6b7706e1a2602aaf1aab290475de14a7ecc35a42d5cb2c">
              <bqbiol:is>
                <rdf:Bag/>
              </bqbiol:is>
            </rdf:Description>
            <rdf:BRSynth rdf:about="#c22961cf66943533ce6b7706e1a2602aaf1aab290475de14a7ecc35a42d5cb2c">
              <brsynth:brsynth xmlns:brsynth="http://brsynth.eu">
                <brsynth:smiles value="O=O"/>
                <brsynth:inchi value="InChI=1S/O2/c1-2"/>
                <brsynth:inchikey value="MYMOFIZGZYHOMD-UHFFFAOYSA-N"/>
              </brsynth:brsynth>
            </rdf:BRSynth>
          </rdf:RDF>
        </annotation>
      </species>
      <species metaid="e9d8e7042e2101fef99e056344d9acd383a75ce620ba630a1ddde95348560f94" id="CMPD_0000000010" name="CMPD_0000000010" compartment="c" initialConcentration="1" hasOnlySubstanceUnits="false" boundaryCondition="false" constant="false">
        <annotation>
          <rdf:RDF xmlns:rdf="http://www.w3.org/1999/02/22-rdf-syntax-ns#" xmlns:bqbiol="http://biomodels.net/biology-qualifiers/">
            <rdf:Description rdf:about="#e9d8e7042e2101fef99e056344d9acd383a75ce620ba630a1ddde95348560f94">
              <bqbiol:is>
                <rdf:Bag/>
              </bqbiol:is>
            </rdf:Description>
            <rdf:BRSynth rdf:about="#e9d8e7042e2101fef99e056344d9acd383a75ce620ba630a1ddde95348560f94">
              <brsynth:brsynth xmlns:brsynth="http://brsynth.eu">
                <brsynth:smiles value="NCCOP(=O)(O)OCC(N)C(=O)O"/>
                <brsynth:inchi value="InChI=1S/C5H13N2O6P/c6-1-2-12-14(10,11)13-3-4(7)5(8)9/h4H,1-3,6-7H2,(H,8,9)(H,10,11)"/>
                <brsynth:inchikey value="UQDJGEHQDNVPGU-UHFFFAOYSA-N"/>
              </brsynth:brsynth>
            </rdf:BRSynth>
          </rdf:RDF>
        </annotation>
      </species>
      <species metaid="_7d22781170c09f66099e3d92f82fe456ce2c3f02d9162656e7ca49a0cc9c7b16" id="CMPD_0000000002" name="CMPD_0000000002" compartment="c" initialConcentration="1" hasOnlySubstanceUnits="false" boundaryCondition="false" constant="false">
        <annotation>
          <rdf:RDF xmlns:rdf="http://www.w3.org/1999/02/22-rdf-syntax-ns#" xmlns:bqbiol="http://biomodels.net/biology-qualifiers/">
            <rdf:Description rdf:about="#_7d22781170c09f66099e3d92f82fe456ce2c3f02d9162656e7ca49a0cc9c7b16">
              <bqbiol:is>
                <rdf:Bag/>
              </bqbiol:is>
            </rdf:Description>
            <rdf:BRSynth rdf:about="#_7d22781170c09f66099e3d92f82fe456ce2c3f02d9162656e7ca49a0cc9c7b16">
              <brsynth:brsynth xmlns:brsynth="http://brsynth.eu">
                <brsynth:smiles value="O=C1N=C(O)C2(O)NC(O)=NC2=N1"/>
                <brsynth:inchi value="InChI=1S/C5H4N4O4/c10-2-5(13)1(6-3(11)8-2)7-4(12)9-5/h13H,(H3,6,7,8,9,10,11,12)"/>
                <brsynth:inchikey value="LTQYPAVLAYVKTK-UHFFFAOYSA-N"/>
              </brsynth:brsynth>
            </rdf:BRSynth>
          </rdf:RDF>
        </annotation>
      </species>
      <species metaid="_2c27bb432be6149f648dcec0e702fd9bdf6449fb9f730bd86eeb0b63b93d8858" id="CMPD_0000000003" name="CMPD_0000000003" compartment="c" initialConcentration="1" hasOnlySubstanceUnits="false" boundaryCondition="false" constant="false">
        <annotation>
          <rdf:RDF xmlns:rdf="http://www.w3.org/1999/02/22-rdf-syntax-ns#" xmlns:bqbiol="http://biomodels.net/biology-qualifiers/">
            <rdf:Description rdf:about="#_2c27bb432be6149f648dcec0e702fd9bdf6449fb9f730bd86eeb0b63b93d8858">
              <bqbiol:is>
                <rdf:Bag/>
              </bqbiol:is>
            </rdf:Description>
            <rdf:BRSynth rdf:about="#_2c27bb432be6149f648dcec0e702fd9bdf6449fb9f730bd86eeb0b63b93d8858">
              <brsynth:brsynth xmlns:brsynth="http://brsynth.eu">
                <brsynth:smiles value="N=C(O)C1=CN(C2OC(COP(=O)(O)OP(=O)(O)OCC3OC(n4cnc5c(N)ncnc54)C(O)C3O)C(O)C2O)C=CC1"/>
                <brsynth:inchi value="InChI=1S/C21H29N7O14P2/c22-17-12-19(25-7-24-17)28(8-26-12)21-16(32)14(30)11(41-21)6-39-44(36,37)42-43(34,35)38-5-10-13(29)15(31)20(40-10)27-3-1-2-9(4-27)18(23)33/h1,3-4,7-8,10-11,13-16,20-21,29-32H,2,5-6H2,(H2,23,33)(H,34,35)(H,36,37)(H2,22,24,25)"/>
                <brsynth:inchikey value="BOPGDPNILDQYTO-UHFFFAOYSA-N"/>
              </brsynth:brsynth>
            </rdf:BRSynth>
          </rdf:RDF>
        </annotation>
      </species>
      <species metaid="bbe0fe1f783793ad97e46a11d16e8c6c2d3b8b6c7b3aaf709af882404cf4d10a" id="MNXM2" name="H2O" compartment="c" initialConcentration="1" hasOnlySubstanceUnits="false" boundaryCondition="false" constant="false">
        <annotation>
          <rdf:RDF xmlns:rdf="http://www.w3.org/1999/02/22-rdf-syntax-ns#" xmlns:bqbiol="http://biomodels.net/biology-qualifiers/">
            <rdf:Description rdf:about="#bbe0fe1f783793ad97e46a11d16e8c6c2d3b8b6c7b3aaf709af882404cf4d10a">
              <bqbiol:is>
                <rdf:Bag/>
              </bqbiol:is>
            </rdf:Description>
            <rdf:BRSynth rdf:about="#bbe0fe1f783793ad97e46a11d16e8c6c2d3b8b6c7b3aaf709af882404cf4d10a">
              <brsynth:brsynth xmlns:brsynth="http://brsynth.eu">
                <brsynth:smiles value="O"/>
                <brsynth:inchi value="InChI=1S/H2O/h1H2"/>
                <brsynth:inchikey value="XLYOFNOQVPJJNP-UHFFFAOYSA-N"/>
              </brsynth:brsynth>
            </rdf:BRSynth>
          </rdf:RDF>
        </annotation>
      </species>
      <species metaid="_992a66d1cf5fb0fab61dbb94242e2120e804367e577f8d6dd94a3f5af74db1e5" id="CMPD_0000000013" name="CMPD_0000000013" compartment="c" initialConcentration="1" hasOnlySubstanceUnits="false" boundaryCondition="false" constant="false">
        <annotation>
          <rdf:RDF xmlns:rdf="http://www.w3.org/1999/02/22-rdf-syntax-ns#" xmlns:bqbiol="http://biomodels.net/biology-qualifiers/">
            <rdf:Description rdf:about="#_992a66d1cf5fb0fab61dbb94242e2120e804367e577f8d6dd94a3f5af74db1e5">
              <bqbiol:is>
                <rdf:Bag/>
              </bqbiol:is>
            </rdf:Description>
            <rdf:BRSynth rdf:about="#_992a66d1cf5fb0fab61dbb94242e2120e804367e577f8d6dd94a3f5af74db1e5">
              <brsynth:brsynth xmlns:brsynth="http://brsynth.eu">
                <brsynth:smiles value="Oc1nc(O)c2nc(O)[nH]c2n1"/>
                <brsynth:inchi value="InChI=1S/C5H4N4O3/c10-3-1-2(7-4(11)6-1)8-5(12)9-3/h(H4,6,7,8,9,10,11,12)"/>
                <brsynth:inchikey value="LEHOTFFKMJEONL-UHFFFAOYSA-N"/>
              </brsynth:brsynth>
            </rdf:BRSynth>
          </rdf:RDF>
        </annotation>
      </species>
      <species metaid="af71fbaf2959bed610cb6e6729e082749ef1d3a0c6b32f39bf12f8f71996a915" id="CMPD_0000000019" name="CMPD_0000000019" compartment="c" initialConcentration="1" hasOnlySubstanceUnits="false" boundaryCondition="false" constant="false">
        <annotation>
          <rdf:RDF xmlns:rdf="http://www.w3.org/1999/02/22-rdf-syntax-ns#" xmlns:bqbiol="http://biomodels.net/biology-qualifiers/">
            <rdf:Description rdf:about="#af71fbaf2959bed610cb6e6729e082749ef1d3a0c6b32f39bf12f8f71996a915">
              <bqbiol:is>
                <rdf:Bag/>
              </bqbiol:is>
            </rdf:Description>
            <rdf:BRSynth rdf:about="#af71fbaf2959bed610cb6e6729e082749ef1d3a0c6b32f39bf12f8f71996a915">
              <brsynth:brsynth xmlns:brsynth="http://brsynth.eu">
                <brsynth:smiles value="NC(CCOP(=O)(O)O)C(=O)O"/>
                <brsynth:inchi value="InChI=1S/C4H10NO6P/c5-3(4(6)7)1-2-11-12(8,9)10/h3H,1-2,5H2,(H,6,7)(H2,8,9,10)"/>
                <brsynth:inchikey value="FXDNYOANAXWZHG-UHFFFAOYSA-N"/>
              </brsynth:brsynth>
            </rdf:BRSynth>
          </rdf:RDF>
        </annotation>
      </species>
      <species metaid="_153cbce8f27d2f3161602edba772c208023edd2308451aaa70eaf6cf9012b667" id="MNXM187" name="phosphoethanolamine" compartment="c" initialConcentration="1" hasOnlySubstanceUnits="false" boundaryCondition="false" constant="false">
        <annotation>
          <rdf:RDF xmlns:rdf="http://www.w3.org/1999/02/22-rdf-syntax-ns#" xmlns:bqbiol="http://biomodels.net/biology-qualifiers/">
            <rdf:Description rdf:about="#_153cbce8f27d2f3161602edba772c208023edd2308451aaa70eaf6cf9012b667">
              <bqbiol:is>
                <rdf:Bag/>
              </bqbiol:is>
            </rdf:Description>
            <rdf:BRSynth rdf:about="#_153cbce8f27d2f3161602edba772c208023edd2308451aaa70eaf6cf9012b667">
              <brsynth:brsynth xmlns:brsynth="http://brsynth.eu">
                <brsynth:smiles value="NCCOP(=O)(O)O"/>
                <brsynth:inchi value="InChI=1S/C2H8NO4P/c3-1-2-7-8(4,5)6/h1-3H2,(H2,4,5,6)"/>
                <brsynth:inchikey value="SUHOOTKUPISOBE-UHFFFAOYSA-N"/>
              </brsynth:brsynth>
            </rdf:BRSynth>
          </rdf:RDF>
        </annotation>
      </species>
      <species metaid="_59dd12ba2624bff05ef02802325258f10b440d3c67dc14f70d11ee1cfd58964d" id="CMPD_0000000006" name="CMPD_0000000006" compartment="c" initialConcentration="1" hasOnlySubstanceUnits="false" boundaryCondition="false" constant="false">
        <annotation>
          <rdf:RDF xmlns:rdf="http://www.w3.org/1999/02/22-rdf-syntax-ns#" xmlns:bqbiol="http://biomodels.net/biology-qualifiers/">
            <rdf:Description rdf:about="#_59dd12ba2624bff05ef02802325258f10b440d3c67dc14f70d11ee1cfd58964d">
              <bqbiol:is>
                <rdf:Bag/>
              </bqbiol:is>
            </rdf:Description>
            <rdf:BRSynth rdf:about="#_59dd12ba2624bff05ef02802325258f10b440d3c67dc14f70d11ee1cfd58964d">
              <brsynth:brsynth xmlns:brsynth="http://brsynth.eu">
                <brsynth:smiles value="O=C(O)C(O)COP(=O)(O)O"/>
                <brsynth:inchi value="InChI=1S/C3H7O7P/c4-2(3(5)6)1-10-11(7,8)9/h2,4H,1H2,(H,5,6)(H2,7,8,9)"/>
                <brsynth:inchikey value="OSJPPGNTCRNQQC-UHFFFAOYSA-N"/>
              </brsynth:brsynth>
            </rdf:BRSynth>
          </rdf:RDF>
        </annotation>
      </species>
      <species metaid="_35c081ac79e5436736c72b90a7f84ad41520faca50b6df47f712ca3fc0a0fb04" id="CMPD_0000000009" name="CMPD_0000000009" compartment="c" initialConcentration="1" hasOnlySubstanceUnits="false" boundaryCondition="false" constant="false">
        <annotation>
          <rdf:RDF xmlns:rdf="http://www.w3.org/1999/02/22-rdf-syntax-ns#" xmlns:bqbiol="http://biomodels.net/biology-qualifiers/">
            <rdf:Description rdf:about="#_35c081ac79e5436736c72b90a7f84ad41520faca50b6df47f712ca3fc0a0fb04">
              <bqbiol:is>
                <rdf:Bag/>
              </bqbiol:is>
            </rdf:Description>
            <rdf:BRSynth rdf:about="#_35c081ac79e5436736c72b90a7f84ad41520faca50b6df47f712ca3fc0a0fb04">
              <brsynth:brsynth xmlns:brsynth="http://brsynth.eu">
                <brsynth:smiles value="NC(CO)C(=O)O"/>
                <brsynth:inchi value="InChI=1S/C3H7NO3/c4-2(1-5)3(6)7/h2,5H,1,4H2,(H,6,7)"/>
                <brsynth:inchikey value="MTCFGRXMJLQNBG-UHFFFAOYSA-N"/>
              </brsynth:brsynth>
            </rdf:BRSynth>
          </rdf:RDF>
        </annotation>
      </species>
      <species metaid="c459f75fc69054554d7c0d8db9322b280bd7036048021c3c74568344b3b91805" id="MNXM353" name="L-homoserine" compartment="c" initialConcentration="1" hasOnlySubstanceUnits="false" boundaryCondition="false" constant="false">
        <annotation>
          <rdf:RDF xmlns:rdf="http://www.w3.org/1999/02/22-rdf-syntax-ns#" xmlns:bqbiol="http://biomodels.net/biology-qualifiers/">
            <rdf:Description rdf:about="#c459f75fc69054554d7c0d8db9322b280bd7036048021c3c74568344b3b91805">
              <bqbiol:is>
                <rdf:Bag/>
              </bqbiol:is>
            </rdf:Description>
            <rdf:BRSynth rdf:about="#c459f75fc69054554d7c0d8db9322b280bd7036048021c3c74568344b3b91805">
              <brsynth:brsynth xmlns:brsynth="http://brsynth.eu">
                <brsynth:smiles value="NC(CCO)C(=O)O"/>
                <brsynth:inchi value="InChI=1S/C4H9NO3/c5-3(1-2-6)4(7)8/h3,6H,1-2,5H2,(H,7,8)"/>
                <brsynth:inchikey value="UKAUYVFTDYCKQA-UHFFFAOYSA-N"/>
              </brsynth:brsynth>
            </rdf:BRSynth>
          </rdf:RDF>
        </annotation>
      </species>
      <species metaid="_8cdbd89e74fd18ee4bea450456b1d830848a9c3e248314eec42eba14d04faacc" id="MNXM46" name="oxaloacetate" compartment="c" initialConcentration="1" hasOnlySubstanceUnits="false" boundaryCondition="false" constant="false">
        <annotation>
          <rdf:RDF xmlns:rdf="http://www.w3.org/1999/02/22-rdf-syntax-ns#" xmlns:bqbiol="http://biomodels.net/biology-qualifiers/">
            <rdf:Description rdf:about="#_8cdbd89e74fd18ee4bea450456b1d830848a9c3e248314eec42eba14d04faacc">
              <bqbiol:is>
                <rdf:Bag/>
              </bqbiol:is>
            </rdf:Description>
            <rdf:BRSynth rdf:about="#_8cdbd89e74fd18ee4bea450456b1d830848a9c3e248314eec42eba14d04faacc">
              <brsynth:brsynth xmlns:brsynth="http://brsynth.eu">
                <brsynth:smiles value="O=C(O)CC(=O)C(=O)O"/>
                <brsynth:inchi value="InChI=1S/C4H4O5/c5-2(4(8)9)1-3(6)7/h1H2,(H,6,7)(H,8,9)"/>
                <brsynth:inchikey value="KHPXUQMNIQBQEV-UHFFFAOYSA-N"/>
              </brsynth:brsynth>
            </rdf:BRSynth>
          </rdf:RDF>
        </annotation>
      </species>
      <species metaid="_709874f7942fab54bf0944251e70db613249ded2900f1670f65db751c543e1f1" id="MNXM89557" name="L-glutamate" compartment="c" initialConcentration="1" hasOnlySubstanceUnits="false" boundaryCondition="false" constant="false">
        <annotation>
          <rdf:RDF xmlns:rdf="http://www.w3.org/1999/02/22-rdf-syntax-ns#" xmlns:bqbiol="http://biomodels.net/biology-qualifiers/">
            <rdf:Description rdf:about="#_709874f7942fab54bf0944251e70db613249ded2900f1670f65db751c543e1f1">
              <bqbiol:is>
                <rdf:Bag/>
              </bqbiol:is>
            </rdf:Description>
            <rdf:BRSynth rdf:about="#_709874f7942fab54bf0944251e70db613249ded2900f1670f65db751c543e1f1">
              <brsynth:brsynth xmlns:brsynth="http://brsynth.eu">
                <brsynth:smiles value="NC(CCC(=O)O)C(=O)O"/>
                <brsynth:inchi value="InChI=1S/C5H9NO4/c6-3(5(9)10)1-2-4(7)8/h3H,1-2,6H2,(H,7,8)(H,9,10)"/>
                <brsynth:inchikey value="WHUUTDBJXJRKMK-UHFFFAOYSA-N"/>
              </brsynth:brsynth>
            </rdf:BRSynth>
          </rdf:RDF>
        </annotation>
      </species>
    </listOfSpecies>
    <listOfParameters>
      <parameter metaid="dc937b59892604f5a86ac96936cd7ff09e25f18ae6b758e8014a24c7fa039e91" sboTerm="SBO:0000625" id="BRS_FBC_10000" value="10000" units="mmol_per_gDW_per_hr" constant="true"/>
      <parameter metaid="dc937b59892604f5a86ac96936cd7ff09e25f18ae6b758e8014a24c7fa039e91" sboTerm="SBO:0000625" id="BRS_FBC__10000" value="-10000" units="mmol_per_gDW_per_hr" constant="true"/>
    </listOfParameters>
    <listOfReactions>
      <reaction metaid="a73e17c325d073885efaea0ad87674563aac0e0b4fa032bab3d015ccac507db5" sboTerm="SBO:0000176" id="rxn_9" reversible="false" fast="false" fbc:lowerFluxBound="BRS_FBC__10000" fbc:upperFluxBound="BRS_FBC_10000">
        <annotation>
          <rdf:RDF xmlns:rdf="http://www.w3.org/1999/02/22-rdf-syntax-ns#" xmlns:bqbiol="http://biomodels.net/biology-qualifiers/">
            <rdf:Description rdf:about="#a73e17c325d073885efaea0ad87674563aac0e0b4fa032bab3d015ccac507db5">
              <bqbiol:is>
                <rdf:Bag>
                  <rdf:li rdf:resource="http://identifiers.org/ec-code/3.1.4.13"/>
                </rdf:Bag>
              </bqbiol:is>
            </rdf:Description>
            <rdf:BRSynth rdf:about="#a73e17c325d073885efaea0ad87674563aac0e0b4fa032bab3d015ccac507db5">
              <brsynth:brsynth xmlns:brsynth="http://brsynth.eu">
                <brsynth:smiles value="NCCOP(=O)(O)OCC(N)C(=O)O.O&gt;&gt;NC(CO)C(=O)O.[H+].NCCOP(=O)(O)O"/>
                <brsynth:rp2_transfo_id value="TRS_0_8_60"/>
                <brsynth:rule_ids>
                  <brsynth:RR-02-11b0149ceb554def-16-F/>
                </brsynth:rule_ids>
                <brsynth:tmpl_rxn_ids>
                  <brsynth:MNXR139958/>
                </brsynth:tmpl_rxn_ids>
                <brsynth:rule_score value="1.0"/>
                <brsynth:idx_in_path value="9"/>
              </brsynth:brsynth>
            </rdf:BRSynth>
          </rdf:RDF>
        </annotation>
        <listOfReactants>
          <speciesReference species="CMPD_0000000010" stoichiometry="1" constant="true"/>
          <speciesReference species="CMPD_0000000011" stoichiometry="1" constant="true"/>
        </listOfReactants>
        <listOfProducts>
          <speciesReference species="CMPD_0000000009" stoichiometry="1" constant="true"/>
          <speciesReference species="MNXM1" stoichiometry="1" constant="true"/>
          <speciesReference species="MNXM187" stoichiometry="1" constant="true"/>
        </listOfProducts>
      </reaction>
      <reaction metaid="_59acf77e69c1c21d5ffc8cd9a31d69f2dabcfd2f055582d44b93c6b9a12ebd24" sboTerm="SBO:0000176" id="rxn_8" reversible="false" fast="false" fbc:lowerFluxBound="BRS_FBC__10000" fbc:upperFluxBound="BRS_FBC_10000">
        <annotation>
          <rdf:RDF xmlns:rdf="http://www.w3.org/1999/02/22-rdf-syntax-ns#" xmlns:bqbiol="http://biomodels.net/biology-qualifiers/">
            <rdf:Description rdf:about="#_59acf77e69c1c21d5ffc8cd9a31d69f2dabcfd2f055582d44b93c6b9a12ebd24">
              <bqbiol:is>
                <rdf:Bag/>
              </bqbiol:is>
            </rdf:Description>
            <rdf:BRSynth rdf:about="#_59acf77e69c1c21d5ffc8cd9a31d69f2dabcfd2f055582d44b93c6b9a12ebd24">
              <brsynth:brsynth xmlns:brsynth="http://brsynth.eu">
                <brsynth:smiles value="NC(CO)C(=O)O.NC(CCOP(=O)(O)O)C(=O)O&gt;&gt;NC(COP(=O)(O)O)C(=O)O.NC(CCO)C(=O)O"/>
                <brsynth:rp2_transfo_id value="TRS_0_7_1"/>
                <brsynth:rule_ids>
                  <brsynth:RR-02-9a015881df14785b-16-F/>
                </brsynth:rule_ids>
                <brsynth:tmpl_rxn_ids>
                  <brsynth:MNXR104599/>
                </brsynth:tmpl_rxn_ids>
                <brsynth:rule_score value="0.2697797707125414"/>
                <brsynth:idx_in_path value="8"/>
              </brsynth:brsynth>
            </rdf:BRSynth>
          </rdf:RDF>
        </annotation>
        <listOfReactants>
          <speciesReference species="CMPD_0000000009" stoichiometry="1" constant="true"/>
          <speciesReference species="CMPD_0000000019" stoichiometry="1" constant="true"/>
        </listOfReactants>
        <listOfProducts>
          <speciesReference species="CMPD_0000000008" stoichiometry="1" constant="true"/>
          <speciesReference species="MNXM353" stoichiometry="1" constant="true"/>
        </listOfProducts>
      </reaction>
      <reaction metaid="eb2ae217abec1ccf459d5acf9d9f69047766241cbaabd40a7c3ae6caa63718b2" sboTerm="SBO:0000176" id="rxn_7" reversible="false" fast="false" fbc:lowerFluxBound="BRS_FBC__10000" fbc:upperFluxBound="BRS_FBC_10000">
        <annotation>
          <rdf:RDF xmlns:rdf="http://www.w3.org/1999/02/22-rdf-syntax-ns#" xmlns:bqbiol="http://biomodels.net/biology-qualifiers/">
            <rdf:Description rdf:about="#eb2ae217abec1ccf459d5acf9d9f69047766241cbaabd40a7c3ae6caa63718b2">
              <bqbiol:is>
                <rdf:Bag>
                  <rdf:li rdf:resource="http://identifiers.org/ec-code/2.6.1.52"/>
                </rdf:Bag>
              </bqbiol:is>
            </rdf:Description>
            <rdf:BRSynth rdf:about="#eb2ae217abec1ccf459d5acf9d9f69047766241cbaabd40a7c3ae6caa63718b2">
              <brsynth:brsynth xmlns:brsynth="http://brsynth.eu">
                <brsynth:smiles value="NC(COP(=O)(O)O)C(=O)O.O=C(O)CCC(=O)C(=O)O&gt;&gt;O=C(O)C(=O)COP(=O)(O)O.NC(CCC(=O)O)C(=O)O"/>
                <brsynth:rp2_transfo_id value="TRS_0_6_1"/>
                <brsynth:rule_ids>
                  <brsynth:RR-02-1843678ed860d28f-16-F/>
                </brsynth:rule_ids>
                <brsynth:tmpl_rxn_ids>
                  <brsynth:MNXR103225/>
                </brsynth:tmpl_rxn_ids>
                <brsynth:rule_score value="0.7486085128675456"/>
                <brsynth:idx_in_path value="7"/>
              </brsynth:brsynth>
            </rdf:BRSynth>
          </rdf:RDF>
        </annotation>
        <listOfReactants>
          <speciesReference species="CMPD_0000000008" stoichiometry="1" constant="true"/>
          <speciesReference species="CMPD_0000000018" stoichiometry="1" constant="true"/>
        </listOfReactants>
        <listOfProducts>
          <speciesReference species="CMPD_0000000007" stoichiometry="1" constant="true"/>
          <speciesReference species="MNXM89557" stoichiometry="1" constant="true"/>
        </listOfProducts>
      </reaction>
      <reaction metaid="_26ace103411f8cce1dd426d7f97a22a0a42e15fafd5ebeacef3d7086259b3a3d" sboTerm="SBO:0000176" id="rxn_6" reversible="false" fast="false" fbc:lowerFluxBound="BRS_FBC__10000" fbc:upperFluxBound="BRS_FBC_10000">
        <annotation>
          <rdf:RDF xmlns:rdf="http://www.w3.org/1999/02/22-rdf-syntax-ns#" xmlns:bqbiol="http://biomodels.net/biology-qualifiers/">
            <rdf:Description rdf:about="#_26ace103411f8cce1dd426d7f97a22a0a42e15fafd5ebeacef3d7086259b3a3d">
              <bqbiol:is>
                <rdf:Bag>
                  <rdf:li rdf:resource="http://identifiers.org/ec-code/1.1.1.95"/>
                </rdf:Bag>
              </bqbiol:is>
            </rdf:Description>
            <rdf:BRSynth rdf:about="#_26ace103411f8cce1dd426d7f97a22a0a42e15fafd5ebeacef3d7086259b3a3d">
              <brsynth:brsynth xmlns:brsynth="http://brsynth.eu">
                <brsynth:smiles value="O=C(O)C(=O)COP(=O)(O)O.N=C(O)C1=CN(C2OC(COP(=O)(O)OP(=O)(O)OCC3OC(n4cnc5c([NH3+])ncnc54)C(O)C3O)C(O)C2O)C=CC1&gt;&gt;O=C(O)C(O)COP(=O)(O)O.N=C(O)c1ccc[n+](C2OC(COP(=O)(O)OP(=O)(O)OCC3OC(n4cnc5c(N)ncnc54)C(O)C3O)C(O)C2O)c1"/>
                <brsynth:rp2_transfo_id value="TRS_0_5_2"/>
                <brsynth:rule_ids>
                  <brsynth:RR-02-8fd1f731ee9d77cc-16-F/>
                </brsynth:rule_ids>
                <brsynth:tmpl_rxn_ids>
                  <brsynth:MNXR102527/>
                  <brsynth:MNXR132639/>
                </brsynth:tmpl_rxn_ids>
                <brsynth:rule_score value="0.5309273243844463"/>
                <brsynth:idx_in_path value="6"/>
              </brsynth:brsynth>
            </rdf:BRSynth>
          </rdf:RDF>
        </annotation>
        <listOfReactants>
          <speciesReference species="CMPD_0000000007" stoichiometry="1" constant="true"/>
          <speciesReference species="CMPD_0000000017" stoichiometry="1" constant="true"/>
        </listOfReactants>
        <listOfProducts>
          <speciesReference species="CMPD_0000000006" stoichiometry="1" constant="true"/>
          <speciesReference species="MNXM8" stoichiometry="1" constant="true"/>
        </listOfProducts>
      </reaction>
      <reaction metaid="_0e258f510af6fb83b7e2d040fc4499997c7010e4d23ec7b0bec6a8b74a97912e" sboTerm="SBO:0000176" id="rxn_5" reversible="false" fast="false" fbc:lowerFluxBound="BRS_FBC__10000" fbc:upperFluxBound="BRS_FBC_10000">
        <annotation>
          <rdf:RDF xmlns:rdf="http://www.w3.org/1999/02/22-rdf-syntax-ns#" xmlns:bqbiol="http://biomodels.net/biology-qualifiers/">
            <rdf:Description rdf:about="#_0e258f510af6fb83b7e2d040fc4499997c7010e4d23ec7b0bec6a8b74a97912e">
              <bqbiol:is>
                <rdf:Bag>
                  <rdf:li rdf:resource="http://identifiers.org/ec-code/2.7.2.3"/>
                </rdf:Bag>
              </bqbiol:is>
            </rdf:Description>
            <rdf:BRSynth rdf:about="#_0e258f510af6fb83b7e2d040fc4499997c7010e4d23ec7b0bec6a8b74a97912e">
              <brsynth:brsynth xmlns:brsynth="http://brsynth.eu">
                <brsynth:smiles value="O=C(O)C(O)COP(=O)(O)O.O=c1nc(O)ccn1C1OC(COP(=O)(O)OP(=O)(O)OP(=O)(O)O)C(O)C1O&gt;&gt;O=c1nc(O)ccn1C1OC(COP(=O)(O)OP(=O)(O)O)C(O)C1O.O=C(OP(=O)(O)O)C(O)COP(=O)(O)O"/>
                <brsynth:rp2_transfo_id value="TRS_0_4_136"/>
                <brsynth:rule_ids>
                  <brsynth:RR-02-c6f81ff36c5f55d1-16-F/>
                </brsynth:rule_ids>
                <brsynth:tmpl_rxn_ids>
                  <brsynth:MNXR129597/>
                </brsynth:tmpl_rxn_ids>
                <brsynth:rule_score value="0.3885865397964175"/>
                <brsynth:idx_in_path value="5"/>
              </brsynth:brsynth>
            </rdf:BRSynth>
          </rdf:RDF>
        </annotation>
        <listOfReactants>
          <speciesReference species="CMPD_0000000006" stoichiometry="1" constant="true"/>
          <speciesReference species="CMPD_0000000016" stoichiometry="1" constant="true"/>
        </listOfReactants>
        <listOfProducts>
          <speciesReference species="CMPD_0000000005" stoichiometry="1" constant="true"/>
          <speciesReference species="MNXM261" stoichiometry="1" constant="true"/>
        </listOfProducts>
      </reaction>
      <reaction metaid="a73b7ec23b94560bd14a30d16306bc8915677cd4817cdfa5edbfacfdf12a8fe5" sboTerm="SBO:0000176" id="rxn_4" reversible="false" fast="false" fbc:lowerFluxBound="BRS_FBC__10000" fbc:upperFluxBound="BRS_FBC_10000">
        <annotation>
          <rdf:RDF xmlns:rdf="http://www.w3.org/1999/02/22-rdf-syntax-ns#" xmlns:bqbiol="http://biomodels.net/biology-qualifiers/">
            <rdf:Description rdf:about="#a73b7ec23b94560bd14a30d16306bc8915677cd4817cdfa5edbfacfdf12a8fe5">
              <bqbiol:is>
                <rdf:Bag/>
              </bqbiol:is>
            </rdf:Description>
            <rdf:BRSynth rdf:about="#a73b7ec23b94560bd14a30d16306bc8915677cd4817cdfa5edbfacfdf12a8fe5">
              <brsynth:brsynth xmlns:brsynth="http://brsynth.eu">
                <brsynth:smiles value="O=c1nc(O)ccn1C1OC(COP(=O)(O)OP(=O)(O)O)C(O)C1O.CC(O)=NC1C(OC(CC(=O)O)C(=O)O)OC(CO)C(O)C1O.[H+]&gt;&gt;O=C(O)CC(O)C(=O)O.CC(O)=NC1C(OP(=O)(O)OP(=O)(O)OCC2OC(n3ccc(O)nc3=O)C(O)C2O)OC(CO)C(O)C1O"/>
                <brsynth:rp2_transfo_id value="TRS_0_3_17"/>
                <brsynth:rule_ids>
                  <brsynth:RR-02-b3ac4323474b66d5-16-F/>
                </brsynth:rule_ids>
                <brsynth:tmpl_rxn_ids>
                  <brsynth:MNXR123805/>
                  <brsynth:MNXR126630/>
                </brsynth:tmpl_rxn_ids>
                <brsynth:rule_score value="1.0"/>
                <brsynth:idx_in_path value="4"/>
              </brsynth:brsynth>
            </rdf:BRSynth>
          </rdf:RDF>
        </annotation>
        <listOfReactants>
          <speciesReference species="CMPD_0000000005" stoichiometry="1" constant="true"/>
          <speciesReference species="CMPD_0000000015" stoichiometry="1" constant="true"/>
          <speciesReference species="MNXM1" stoichiometry="1" constant="true"/>
        </listOfReactants>
        <listOfProducts>
          <speciesReference species="CMPD_0000000004" stoichiometry="1" constant="true"/>
          <speciesReference species="MNXM47" stoichiometry="1" constant="true"/>
        </listOfProducts>
      </reaction>
      <reaction metaid="_376841fa42ba139764a5509b9d817e2e540d0e228582c970025c73ae1ee77c0d" sboTerm="SBO:0000176" id="rxn_3" reversible="false" fast="false" fbc:lowerFluxBound="BRS_FBC__10000" fbc:upperFluxBound="BRS_FBC_10000">
        <annotation>
          <rdf:RDF xmlns:rdf="http://www.w3.org/1999/02/22-rdf-syntax-ns#" xmlns:bqbiol="http://biomodels.net/biology-qualifiers/">
            <rdf:Description rdf:about="#_376841fa42ba139764a5509b9d817e2e540d0e228582c970025c73ae1ee77c0d">
              <bqbiol:is>
                <rdf:Bag>
                  <rdf:li rdf:resource="http://identifiers.org/ec-code/1.1.1.37"/>
                </rdf:Bag>
              </bqbiol:is>
            </rdf:Description>
            <rdf:BRSynth rdf:about="#_376841fa42ba139764a5509b9d817e2e540d0e228582c970025c73ae1ee77c0d">
              <brsynth:brsynth xmlns:brsynth="http://brsynth.eu">
                <brsynth:smiles value="O=C(O)CC(O)C(=O)O.N=C(O)c1ccc[n+](C2OC(COP(=O)(O)OP(=O)(O)OCC3OC(n4cnc5c(N)ncnc54)C(O)C3O)C(O)C2O)c1&gt;&gt;N=C(O)C1=CN(C2OC(COP(=O)(O)OP(=O)(O)OCC3OC(n4cnc5c(N)ncnc54)C(O)C3O)C(O)C2O)C=CC1.[H+].O=C(O)CC(=O)C(=O)O"/>
                <brsynth:rp2_transfo_id value="TRS_0_2_14"/>
                <brsynth:rule_ids>
                  <brsynth:RR-02-8988d72ccbae3e77-16-F/>
                </brsynth:rule_ids>
                <brsynth:tmpl_rxn_ids>
                  <brsynth:MNXR129603/>
                </brsynth:tmpl_rxn_ids>
                <brsynth:rule_score value="0.48788500287509345"/>
                <brsynth:idx_in_path value="3"/>
              </brsynth:brsynth>
            </rdf:BRSynth>
          </rdf:RDF>
        </annotation>
        <listOfReactants>
          <speciesReference species="CMPD_0000000004" stoichiometry="1" constant="true"/>
          <speciesReference species="CMPD_0000000014" stoichiometry="1" constant="true"/>
        </listOfReactants>
        <listOfProducts>
          <speciesReference species="CMPD_0000000003" stoichiometry="1" constant="true"/>
          <speciesReference species="MNXM1" stoichiometry="1" constant="true"/>
          <speciesReference species="MNXM46" stoichiometry="1" constant="true"/>
        </listOfProducts>
      </reaction>
      <reaction metaid="c9c2d56fd0ad9d5b8cd80acad4b5df22945ab4de50db7b24db52a91a7560c3ff" sboTerm="SBO:0000176" id="rxn_2" reversible="false" fast="false" fbc:lowerFluxBound="BRS_FBC__10000" fbc:upperFluxBound="BRS_FBC_10000">
        <annotation>
          <rdf:RDF xmlns:rdf="http://www.w3.org/1999/02/22-rdf-syntax-ns#" xmlns:bqbiol="http://biomodels.net/biology-qualifiers/">
            <rdf:Description rdf:about="#c9c2d56fd0ad9d5b8cd80acad4b5df22945ab4de50db7b24db52a91a7560c3ff">
              <bqbiol:is>
                <rdf:Bag>
                  <rdf:li rdf:resource="http://identifiers.org/ec-code/1.14.13.113"/>
                </rdf:Bag>
              </bqbiol:is>
            </rdf:Description>
            <rdf:BRSynth rdf:about="#c9c2d56fd0ad9d5b8cd80acad4b5df22945ab4de50db7b24db52a91a7560c3ff">
              <brsynth:brsynth xmlns:brsynth="http://brsynth.eu">
                <brsynth:smiles value="N=C(O)C1=CN(C2OC(COP(=O)(O)OP(=O)(O)OCC3OC(n4cnc5c(N)ncnc54)C(O)C3O)C(O)C2O)C=CC1.O=O.Oc1nc(O)c2nc(O)[nH]c2n1.[H+]&gt;&gt;O=C1N=C(O)C2(O)NC(O)=NC2=N1.O.N=C(O)c1ccc[n+](C2OC(COP(=O)(O)OP(=O)(O)OCC3OC(n4cnc5c(N)ncnc54)C(O)C3O)C(O)C2O)c1"/>
                <brsynth:rp2_transfo_id value="TRS_0_1_2"/>
                <brsynth:rule_ids>
                  <brsynth:RR-02-2c416d8182eb702a-16-F/>
                </brsynth:rule_ids>
                <brsynth:tmpl_rxn_ids>
                  <brsynth:MNXR112934/>
                </brsynth:tmpl_rxn_ids>
                <brsynth:rule_score value="0.7023718970192103"/>
                <brsynth:idx_in_path value="2"/>
              </brsynth:brsynth>
            </rdf:BRSynth>
          </rdf:RDF>
        </annotation>
        <listOfReactants>
          <speciesReference species="CMPD_0000000003" stoichiometry="1" constant="true"/>
          <speciesReference species="CMPD_0000000012" stoichiometry="1" constant="true"/>
          <speciesReference species="CMPD_0000000013" stoichiometry="1" constant="true"/>
          <speciesReference species="MNXM1" stoichiometry="1" constant="true"/>
        </listOfReactants>
        <listOfProducts>
          <speciesReference species="CMPD_0000000002" stoichiometry="1" constant="true"/>
          <speciesReference species="MNXM2" stoichiometry="1" constant="true"/>
          <speciesReference species="MNXM8" stoichiometry="1" constant="true"/>
        </listOfProducts>
      </reaction>
      <reaction metaid="_7af1776cbbaecbf874d7f576d21891f6ad79e3b7c2e726cfd2ee9f5bd6f483c4" sboTerm="SBO:0000176" id="rxn_1" reversible="false" fast="false" fbc:lowerFluxBound="BRS_FBC__10000" fbc:upperFluxBound="BRS_FBC_10000">
        <annotation>
          <rdf:RDF xmlns:rdf="http://www.w3.org/1999/02/22-rdf-syntax-ns#" xmlns:bqbiol="http://biomodels.net/biology-qualifiers/">
            <rdf:Description rdf:about="#_7af1776cbbaecbf874d7f576d21891f6ad79e3b7c2e726cfd2ee9f5bd6f483c4">
              <bqbiol:is>
                <rdf:Bag/>
              </bqbiol:is>
            </rdf:Description>
            <rdf:BRSynth rdf:about="#_7af1776cbbaecbf874d7f576d21891f6ad79e3b7c2e726cfd2ee9f5bd6f483c4">
              <brsynth:brsynth xmlns:brsynth="http://brsynth.eu">
                <brsynth:smiles value="O=C1N=C(O)C2(O)NC(O)=NC2=N1.O&gt;&gt;O=C=O.N=C(O)NC1N=C(O)N=C1O"/>
                <brsynth:rp2_transfo_id value="TRS_0_0_2"/>
                <brsynth:rule_ids>
                  <brsynth:RR-02-6f49e61b015b6d78-16-F/>
                </brsynth:rule_ids>
                <brsynth:tmpl_rxn_ids>
                  <brsynth:MNXR110012/>
                  <brsynth:MNXR110013/>
                  <brsynth:MNXR134600/>
                </brsynth:tmpl_rxn_ids>
                <brsynth:rule_score value="0.2697797707125414"/>
                <brsynth:idx_in_path value="1"/>
              </brsynth:brsynth>
            </rdf:BRSynth>
          </rdf:RDF>
        </annotation>
        <listOfReactants>
          <speciesReference species="CMPD_0000000002" stoichiometry="1" constant="true"/>
          <speciesReference species="CMPD_0000000011" stoichiometry="1" constant="true"/>
        </listOfReactants>
        <listOfProducts>
          <speciesReference species="MNXM13" stoichiometry="1" constant="true"/>
          <speciesReference species="TARGET_0000000001" stoichiometry="1" constant="true"/>
        </listOfProducts>
      </reaction>
    </listOfReactions>
    <groups:listOfGroups>
      <groups:group metaid="_93eef40c447d295fa61df9270c5fd909ec2ba7ee9883090552c0466873cd4299" groups:id="rp_pathway" groups:kind="collection">
        <annotation>
          <rdf:RDF xmlns:rdf="http://www.w3.org/1999/02/22-rdf-syntax-ns#" xmlns:bqbiol="http://biomodels.net/biology-qualifiers/">
            <rdf:BRSynth rdf:about="#_93eef40c447d295fa61df9270c5fd909ec2ba7ee9883090552c0466873cd4299">
              <brsynth:brsynth xmlns:brsynth="http://brsynth.eu">
                <brsynth:global_score value="-1"/>
              </brsynth:brsynth>
            </rdf:BRSynth>
          </rdf:RDF>
        </annotation>
        <groups:listOfMembers>
          <groups:member groups:idRef="rxn_1"/>
          <groups:member groups:idRef="rxn_2"/>
          <groups:member groups:idRef="rxn_3"/>
          <groups:member groups:idRef="rxn_4"/>
          <groups:member groups:idRef="rxn_5"/>
          <groups:member groups:idRef="rxn_6"/>
          <groups:member groups:idRef="rxn_7"/>
          <groups:member groups:idRef="rxn_8"/>
          <groups:member groups:idRef="rxn_9"/>
        </groups:listOfMembers>
      </groups:group>
      <groups:group metaid="_613b064337553014ede418c67180137a4561ff11b13f3bfa1a2765ef37ac375a" groups:id="rp_intermediate_species" groups:kind="collection">
        <annotation>
          <rdf:RDF xmlns:rdf="http://www.w3.org/1999/02/22-rdf-syntax-ns#" xmlns:bqbiol="http://biomodels.net/biology-qualifiers/">
            <rdf:BRSynth rdf:about="#_613b064337553014ede418c67180137a4561ff11b13f3bfa1a2765ef37ac375a">
              <brsynth:brsynth xmlns:brsynth="http://brsynth.eu"/>
            </rdf:BRSynth>
          </rdf:RDF>
        </annotation>
        <groups:listOfMembers>
          <groups:member groups:idRef="CMPD_0000000005"/>
          <groups:member groups:idRef="CMPD_0000000004"/>
          <groups:member groups:idRef="CMPD_0000000015"/>
          <groups:member groups:idRef="CMPD_0000000007"/>
          <groups:member groups:idRef="CMPD_0000000017"/>
          <groups:member groups:idRef="CMPD_0000000016"/>
          <groups:member groups:idRef="CMPD_0000000008"/>
          <groups:member groups:idRef="CMPD_0000000014"/>
          <groups:member groups:idRef="CMPD_0000000012"/>
          <groups:member groups:idRef="CMPD_0000000010"/>
          <groups:member groups:idRef="CMPD_0000000011"/>
          <groups:member groups:idRef="CMPD_0000000002"/>
          <groups:member groups:idRef="CMPD_0000000003"/>
          <groups:member groups:idRef="CMPD_0000000013"/>
          <groups:member groups:idRef="CMPD_0000000019"/>
          <groups:member groups:idRef="CMPD_0000000006"/>
          <groups:member groups:idRef="CMPD_0000000009"/>
          <groups:member groups:idRef="CMPD_0000000018"/>
        </groups:listOfMembers>
      </groups:group>
      <groups:group metaid="_564fce39b23c6cf87d12dc2c612448384fd2cd980fe3fc07829e2ef802645579" groups:id="rp_trunk_species" groups:kind="collection">
        <annotation>
          <rdf:RDF xmlns:rdf="http://www.w3.org/1999/02/22-rdf-syntax-ns#" xmlns:bqbiol="http://biomodels.net/biology-qualifiers/">
            <rdf:BRSynth rdf:about="#_564fce39b23c6cf87d12dc2c612448384fd2cd980fe3fc07829e2ef802645579">
              <brsynth:brsynth xmlns:brsynth="http://brsynth.eu"/>
            </rdf:BRSynth>
          </rdf:RDF>
        </annotation>
        <groups:listOfMembers>
          <groups:member groups:idRef="CMPD_0000000005"/>
          <groups:member groups:idRef="CMPD_0000000004"/>
          <groups:member groups:idRef="CMPD_0000000015"/>
          <groups:member groups:idRef="CMPD_0000000007"/>
          <groups:member groups:idRef="CMPD_0000000017"/>
          <groups:member groups:idRef="CMPD_0000000016"/>
          <groups:member groups:idRef="CMPD_0000000011"/>
          <groups:member groups:idRef="TARGET_0000000001"/>
          <groups:member groups:idRef="CMPD_0000000018"/>
          <groups:member groups:idRef="CMPD_0000000008"/>
          <groups:member groups:idRef="CMPD_0000000014"/>
          <groups:member groups:idRef="CMPD_0000000012"/>
          <groups:member groups:idRef="CMPD_0000000010"/>
          <groups:member groups:idRef="CMPD_0000000002"/>
          <groups:member groups:idRef="CMPD_0000000003"/>
          <groups:member groups:idRef="CMPD_0000000013"/>
          <groups:member groups:idRef="CMPD_0000000019"/>
          <groups:member groups:idRef="CMPD_0000000006"/>
          <groups:member groups:idRef="CMPD_0000000009"/>
        </groups:listOfMembers>
      </groups:group>
      <groups:group metaid="_9e3154173c97366b3980dd1642e1e35d0bdfc3274abc744e89ecb518bcd48378" groups:id="rp_completed_species" groups:kind="collection">
        <annotation>
          <rdf:RDF xmlns:rdf="http://www.w3.org/1999/02/22-rdf-syntax-ns#" xmlns:bqbiol="http://biomodels.net/biology-qualifiers/">
            <rdf:BRSynth rdf:about="#_9e3154173c97366b3980dd1642e1e35d0bdfc3274abc744e89ecb518bcd48378">
              <brsynth:brsynth xmlns:brsynth="http://brsynth.eu"/>
            </rdf:BRSynth>
          </rdf:RDF>
        </annotation>
        <groups:listOfMembers>
          <groups:member groups:idRef="MNXM353"/>
          <groups:member groups:idRef="MNXM13"/>
          <groups:member groups:idRef="MNXM47"/>
          <groups:member groups:idRef="MNXM46"/>
          <groups:member groups:idRef="MNXM8"/>
          <groups:member groups:idRef="MNXM187"/>
          <groups:member groups:idRef="MNXM1"/>
          <groups:member groups:idRef="MNXM2"/>
          <groups:member groups:idRef="MNXM261"/>
          <groups:member groups:idRef="MNXM89557"/>
        </groups:listOfMembers>
      </groups:group>
      <groups:group metaid="_58b3b59284e0d918d6d3f3bcadc2d757726da7594cd899cad4e745836ac967a3" groups:id="rp_sink_species" groups:kind="collection">
        <annotation>
          <rdf:RDF xmlns:rdf="http://www.w3.org/1999/02/22-rdf-syntax-ns#" xmlns:bqbiol="http://biomodels.net/biology-qualifiers/">
            <rdf:BRSynth rdf:about="#_58b3b59284e0d918d6d3f3bcadc2d757726da7594cd899cad4e745836ac967a3">
              <brsynth:brsynth xmlns:brsynth="http://brsynth.eu"/>
            </rdf:BRSynth>
          </rdf:RDF>
        </annotation>
      </groups:group>
    </groups:listOfGroups>
  </model>
</sbml>
